model,question_id,transcript_id,question,gold_start,gold_end,gold_duration_s,asr_word_count_in_gold,asr_envelope_start,asr_envelope_end,timestamp_ceiling_tiou,content_token_recall,numeric_token_count,numeric_token_recall,retrieval_rank,retrieval_hit_at_1,retrieval_hit_at_3,retrieval_hit_at_5,best_gold_window_tiou,asr_evidence_text,context_text
medasr,sample_4_yes_q03,sample_4,Did the patient attend for an annual asthma follow-up?,21.62,26.24,4.619999999999997,11,21.74245472837022,26.249496981891348,0.9714976139356593,0.5,0,,1,1,1,1,0.45324516383734686,so this is your annual followup. It is for the asthma,running on time for once. so this is your annual followup. It is for the asthma exactly that
medasr,sample_4_yes_q07,sample_4,Is the heart examination without abnormal findings?,43.5,44.98,1.4799999999999969,4,43.5251509054326,44.85311871227364,0.89727554516287,0.2,0,,1,1,1,1,0.11863870967741912,Nothing abnormal to report,heart both sound normal. Nothing abnormal to report good. I havelf
medasr,sample_4_yes_q06,sample_4,Was the patient listened to with a stethoscope?,28.520000000000003,42.72,14.199999999999996,32,29.06639839034205,42.76056338028169,0.958782405235703,0.0,0,,4,0,0,1,0.8595233372063372,"let me listen to your chest and your heart and then we will talk go ahead, Breathe normally for me. and again is it alright. Your chest and heart both sound normal.","exactly that let me listen to your chest and your heart and then we will talk go ahead, Breathe normally for me. and again is it alright. Your chest and heart both sound normal. Nothing abnormal to report"
medasr,sample_4_yes_q05,sample_4,Were the lungs found to be normal on auscultation?,40.68,44.98,4.299999999999997,11,40.587525150905435,44.85311871227364,0.9500609236576193,0.25,0,,1,1,1,1,0.3446935483870966,Your chest and heart both sound normal. Nothing abnormal to report,is it alright. Your chest and heart both sound normal. Nothing abnormal to report good. I havelf
medasr,sample_4_yes_q02,sample_4,Are the patient's asthma findings stable at this visit?,51.48,54.4,2.9200000000000017,9,51.61368209255533,54.5513078470825,0.9072089305835787,0.2,0,,1,1,1,1,0.24489368882888987,This is what is stable annual check looks like.,Nothing has. This is what is stable annual check looks like. so what happens with my
medasr,sample_4_yes_q01,sample_4,Will the current treatment continue unchanged?,55.64,61.64,6.0,14,55.60965794768612,60.96177062374245,0.8824989656599085,0.25,0,,1,1,1,1,0.5171696149843914,what happens with my treatment. No changes. you carry on exactly as you are.,check looks like. so what happens with my treatment. No changes. you carry on exactly as you are. Nothing at all I suppose
medasr,sample_4_yes_q04,sample_4,Does the visit concern asthma?,24.88,26.24,1.3599999999999994,5,24.921529175050303,26.249496981891348,0.9627409496944032,0.3333333333333333,0,,1,1,1,1,0.13342281879194628,It is for the asthma,your annual followup. It is for the asthma exactly that
medasr,sample_5_yes_q01,sample_5,Does the patient take pantoprazole for reflux?,47.08,52.84,5.760000000000005,18,47.1066398390342,52.820925553319924,0.9920634920634926,0.6666666666666666,0,,1,1,1,1,0.5718577706751903,"and then the anti-inflamatory gave me reflux on top, which is why you are on pantoprazole for that","that is the frustrating part and then the anti-inflamatory gave me reflux on top, which is why you are on pantoprazole for that exactly yes,"
medasr,sample_5_yes_q05,sample_5,Is the patient still in pain despite regular Ibumetin and Panodil?,36.42,41.58,5.159999999999997,14,36.43058350100604,41.5533199195171,0.9927783756804387,0.3333333333333333,0,,1,1,1,1,0.44322848254407154,the pain has just carried on regardless despite taking the ibumin and the Panidil,2017 and honestly the pain has just carried on regardless despite taking the ibumin and the Panidil regularly despite both
medasr,sample_5_yes_q02,sample_5,Will the NSAID treatment be continued under cover of a proton pump inhibitor?,142.44,147.88,5.439999999999998,12,142.579476861167,147.70221327967806,0.9416794886968878,0.0,0,,36,0,0,0,0.5057388701833144,"For the pain, you continue the with the stomach protection alongside it","then we will not refer you. For the pain, you continue the with the stomach protection alongside it and is there anything I need to come back"
medasr,sample_5_yes_q06,sample_5,Did the patient undergo surgery for a cervical disc prolapse in 2017?,32.06,34.98,2.9199999999999946,7,32.04426559356137,34.94164989939638,0.9815771798281104,0.6666666666666666,1,1.0,1,1,1,1,0.2482449538145736,the cervical disc prolapse operated in 2017,operation. That is right. the cervical disc prolapse operated in 2017 and honestly the pain has just
medasr,sample_5_yes_q03,sample_5,Was muscle tension found in the neck and shoulders?,102.68,105.42,2.739999999999995,10,102.79678068410463,105.61368209255534,0.8941729993690156,0.8,0,,1,1,1,1,0.25377935147223235,I can feel muscle tension in your neck and shoulders.,and standing are normal. I can feel muscle tension in your neck and shoulders. That tension is exactly
medasr,sample_5_yes_q04,sample_5,Are the menopausal symptoms treated with Activelle?,70.44,73.82,3.3799999999999955,10,70.37826961770624,73.93158953722335,0.9512231030577549,0.5,0,,1,1,1,1,0.3382722513089004,"Then the menopausal symptoms which you are taking Activel for,","there. God. Then the menopausal symptoms which you are taking Activel for, yes and my hands have"
medasr,sample_6_yes_q03,sample_6,Was the patient's voice noted to sound congested?,24.4,26.34,1.9400000000000013,4,24.720321931589538,26.2897384305835,0.8089775768010113,0.4,0,,1,1,1,1,0.1967714285714287,"you do sound congested,","first. you do sound congested, that is all you were going by,"
medasr,sample_6_yes_q04,sample_6,Are four daily doses of one million IU of penicillin planned?,62.9,69.68,6.780000000000008,14,63.014084507042256,69.77464788732394,0.9696373693915196,0.5,3,0.6666666666666666,1,1,1,1,0.5542203947368427,"for the sinuses, penicillin 1 million in units four times daily for seven days,","rather hear that than the other way round for the sinuses, penicillin 1 million in units four times daily for seven days, which is what I asked for,"
medasr,sample_6_yes_q05,sample_6,Does the patient also have a fungal infection in the mouth?,72.96,77.6,4.640000000000001,10,73.20863309352518,77.68057553956835,0.9302609119726859,0.3333333333333333,0,,4,0,0,1,0.39020688157445643,"and fluconazole 50 mg for seven days for the mouth,","asked for, it is and fluconazole 50 mg for seven days for the mouth, both for a week"
medasr,sample_6_yes_q07,sample_6,Did the patient ask for penicillin?,17.9,19.18,1.2800000000000011,4,18.06841046277666,19.207243460764587,0.8503309219639811,0.5,0,,2,0,1,1,0.12862110796603327,I want penicillin it.,together noted. I want penicillin it. I know what this is by now.
medasr,sample_6_yes_q01,sample_6,Will the patient take Fluconazole 50 mg?,73.52,77.6,4.079999999999998,9,73.61151079136691,77.68057553956835,0.9586388158804766,0.75,1,1.0,1,1,1,1,0.3431129475913322,"fluconazole 50 mg for seven days for the mouth,","for, it is and fluconazole 50 mg for seven days for the mouth, both for a week"
medasr,sample_6_yes_q02,sample_6,Is the patient complaining of sinus symptoms?,9.06,12.28,3.219999999999999,6,6.559356136820925,12.313883299798793,0.5595594405594404,0.0,0,,3,0,1,1,0.20622938144329891,asinuses blocked aching the whole business,asinuses blocked aching the whole business and I have got thrush in my
medasr,sample_6_yes_q06,sample_6,Has penicillin been prescribed for seven days?,64.18,69.68,5.5,11,64.22132796780684,69.77464788732394,0.9756953685255414,0.75,1,1.0,1,1,1,1,0.44958881578947363,"penicillin 1 million in units four times daily for seven days,","round for the sinuses, penicillin 1 million in units four times daily for seven days, which is what I asked for,"
medasr,sample_10_yes_q01,sample_10,Does the patient need continued treatment?,63.18,64.58,1.3999999999999986,4,62.04828973843058,64.62374245472837,0.5435937499999989,0.3333333333333333,0,,2,0,1,1,0.11069042316258339,situation.Youed continue the treatment,as a stable situation.Youed continue the treatment you on carry on
medasr,sample_10_yes_q02,sample_10,Were the lungs and heart normal on auscultation?,53.76,57.56,3.8000000000000043,12,52.94164989939638,57.501006036217305,0.8100308453723236,0.75,0,,1,1,1,1,0.3004454342984413,alright.You lungs and your heart both sound normal. Noing abnormal on lising,is everything alright.You lungs and your heart both sound normal. Noing abnormal on lising is relie
medasr,sample_10_yes_q03,sample_10,"Are the patient's complaints unchanged, with nothing new reported?",22.2,23.56,1.3599999999999994,3,22.346076458752513,23.67404426559356,0.8235326235326232,0.3333333333333333,0,,1,1,1,1,0.12899236641221368,No nothing new.,"up, any new symptoms? No nothing new. Should there be"
medasr,sample_17_yes_q03,sample_17,Is the medicine to be taken after a meal?,46.1,47.52,1.4200000000000017,6,46.22132796780684,48.59557344064386,0.5203902281706051,0.3333333333333333,0,,1,1,1,1,0.10814281336193703,"you take it after a meal,ter","daily for two weeks, you take it after a meal,ter a meal every"
medasr,sample_17_yes_q02,sample_17,Should the daily dose be 100 mg?,42.84,44.42,1.5799999999999983,3,42.800804828973845,44.41046277665996,0.9699033228123366,0.5,1,0.0,1,1,1,1,0.12032791909285924,10 mg daily,"Sporinox 10 mg daily for two weeks, you"
medasr,sample_17_yes_q01,sample_17,Will the treatment last two weeks?,48.18,50.7,2.520000000000003,8,47.30784708249497,50.688128772635814,0.7393914229788243,0.5,1,1.0,1,1,1,1,0.18732120182828293,"meal,ter a meal every day for two weeks,","you take it after a meal,ter a meal every day for two weeks, exactly right,"
medasr,sample_18_yes_q04,sample_18,Should kidney function be monitored?,41.82,45.58,3.759999999999998,11,41.63380281690141,45.69818913480886,0.9251089108910877,0.6666666666666666,0,,1,1,1,1,0.31249498327759195,means we should monitor your blood pressure and your kidney function.,"that harming me, it means we should monitor your blood pressure and your kidney function. That is the sensible"
medasr,sample_18_yes_q02,sample_18,Did the patient ask for a renewal of the Ibumetin prescription?,17.24,18.5,1.2600000000000016,1,16.338028169014084,18.6317907444668,0.5493157894736846,0.0,0,,4,0,0,1,0.06111848526254156,forined,forined alright
medasr,sample_18_yes_q01,sample_18,Has the Ibumetin prescription been issued?,69.38,72.04,2.660000000000011,5,69.53319919517102,72.18913480885311,0.8923746902173179,0.3333333333333333,0,,1,1,1,1,0.2063721511083368,yes. The prescription is created.,"renew the albuuninible toda, yes. The prescription is created. Does that plan sound"
medasr,sample_18_yes_q07,sample_18,Is the patient also taking Pantoprazole?,20.92,26.3,5.379999999999999,12,20.93762575452716,26.088531187122737,0.9574173666534528,1.0,0,,1,1,1,1,0.260966230724185,and you are still taking pantoprazole alongside it yes every day with,"alright and you are still taking pantoprazole alongside it yes every day with good. Now,"
medasr,sample_18_yes_q06,sample_18,Will the blood tests include cholesterol and blood sugar?,62.5,65.94,3.4399999999999977,7,62.49094567404427,65.95171026156942,0.9940000000000002,0.6,0,,1,1,1,1,0.2677231443783275,"We check kidneys, cholesterol, and blood sugar","book a time for those. We check kidneys, cholesterol, and blood sugar and you will still renew the albuuninible"
medasr,sample_18_yes_q03,sample_18,Does the doctor consider the NSAID use long-standing and high?,33.0,38.66,5.659999999999997,12,33.010060362173036,38.53521126760563,0.9761750716312014,0.0,0,,3,0,1,1,0.45181818181818145,You have used anti-inflamatory pain killers heavily and for a long time.,"with you about. You have used anti-inflamatory pain killers heavily and for a long time. I that harming me,"
medasr,sample_18_yes_q05,sample_18,Was blood pressure to be measured at home over three days?,50.74,55.1,4.359999999999999,14,50.88933601609658,55.074446680080484,0.9598877669687859,0.8571428571428571,1,1.0,1,1,1,1,0.44531853678586114,I would like you to measure your blood pressure at home over three days,"How do we go about that, I would like you to measure your blood pressure at home over three days I can do that and"
medasr,sample_19_yes_q04,sample_19,Is the patient still being treated for asthma?,26.3,28.12,1.8200000000000003,7,26.490945674044266,28.181086519114686,0.8660177559097247,1.0,0,,1,1,1,1,0.1507566666666667,I am still being treated for asthma,"fine anything else. I am still being treated for asthma and for reflux,"
medasr,sample_19_yes_q01,sample_19,Were three prescriptions renewed in total?,68.24,71.64,3.4000000000000057,7,68.24547283702213,71.90744466800805,0.925583742977525,0.5,1,1.0,1,1,1,1,0.27141021522647,"Actonvil, Aromeir, and esomeprazole, all three renewed.","prescriptions will I get, Actonvil, Aromeir, and esomeprazole, all three renewed. The esomeprazole"
medasr,sample_19_yes_q02,sample_19,Has Esomeprazole been renewed as well?,68.24,71.64,3.4000000000000057,7,68.24547283702213,71.90744466800805,0.925583742977525,0.6666666666666666,0,,1,1,1,1,0.27141021522647,"Actonvil, Aromeir, and esomeprazole, all three renewed.","prescriptions will I get, Actonvil, Aromeir, and esomeprazole, all three renewed. The esomeprazole"
medasr,sample_19_yes_q03,sample_19,Is Airomir among the renewed medicines?,68.24,71.64,3.4000000000000057,7,68.24547283702213,71.90744466800805,0.925583742977525,0.25,0,,1,1,1,1,0.27141021522647,"Actonvil, Aromeir, and esomeprazole, all three renewed.","prescriptions will I get, Actonvil, Aromeir, and esomeprazole, all three renewed. The esomeprazole"
medasr,sample_20_yes_q01,sample_20,Was Ibumetin renewed as well?,182.44,186.3,3.8600000000000136,10,182.53521126760563,186.11670020120724,0.9278468739900498,0.3333333333333333,0,,1,1,1,1,0.371786821705428,I am creating prescriptions for both pamel and ibumetin now,"doing, Yes. I am creating prescriptions for both pamel and ibumetin now and they will be waiting for you at"
medasr,sample_20_yes_q05,sample_20,Is Pamol one of the medicines requested?,182.44,184.98,2.539999999999992,7,182.53521126760563,184.8692152917505,0.9188992221042787,0.0,1,0.0,40,0,0,0,0.2446472868217049,I am creating prescriptions for both pamel,"doing, Yes. I am creating prescriptions for both pamel and ibumetin now and they"
medasr,sample_20_yes_q02,sample_20,Has the pain problem been described as stable?,102.3,105.02,2.719999999999999,9,102.51509054325956,105.0503018108652,0.9107762089399328,0.75,0,,2,0,1,1,0.2714538152610442,Then we are looking at a stable pain problem,turned up to alm me Then we are looking at a stable pain problem with a continued need for
medasr,sample_20_yes_q04,sample_20,Does the patient still need pain relief?,105.56,107.46,1.8999999999999915,7,105.53319919517102,107.66599597585514,0.8908490566037643,0.75,0,,2,0,1,1,0.11260434056761212,with a continued need for pain relief.,a stable pain problem with a continued need for pain relief. That is a
medasr,sample_20_yes_q03,sample_20,Were both prescriptions issued?,182.44,184.5,2.0600000000000023,6,182.53521126760563,184.4265593561368,0.9181301400636758,0.5,0,,1,1,1,1,0.19841472868217094,I am creating prescriptions for both,"doing, Yes. I am creating prescriptions for both pamel and ibumetin now"
medasr,sample_23_yes_q03,sample_23,Was a skin wart found under the right breast?,23.12,25.66,2.539999999999999,10,23.11066398390342,25.645875251509054,0.9907973039099617,0.8,0,,1,1,1,1,0.28560633484162884,The one under your right breast is a skin wart,let me look at them. The one under your right breast is a skin wart about 1 cm and
medasr,sample_23_yes_q05,sample_23,Has the patient been informed about the risk of scarring and infection?,75.26,79.54,4.280000000000001,18,75.25955734406439,79.64587525150905,0.9757614678899096,0.5,0,,1,1,1,1,0.49630424638357445,There will be a scar where each one is removed and there is a risk of infection afterwards.,hear the downside now. There will be a scar where each one is removed and there is a risk of infection afterwards. You should know both before we
medasr,sample_23_yes_q02,sample_23,Does the patient want the skin changes removed?,85.28,88.5,3.219999999999999,12,84.95774647887325,88.579476861167,0.889077777777781,0.0,0,,22,0,0,0,0.3094802348246368,"risk, I would still rather have them off than keep catching them,","a scar and an infection risk, I would still rather have them off than keep catching them, understod. Then the"
medasr,sample_23_yes_q04,sample_23,Is an appointment for the removal going to be arranged?,90.2,92.2,2.0,7,90.30985915492957,92.18581673306772,0.9379787890690778,0.5,0,,4,0,0,1,0.20029417218089657,Then the appointment removal is the plan.,"catching them, understod. Then the appointment removal is the plan. Go. Any idea"
medasr,sample_23_yes_q06,sample_23,Do the changes on the abdomen and lower leg resemble seborrheic keratoses?,43.44,45.58,2.1400000000000006,5,43.48490945674044,45.6579476861167,0.9446077364104798,0.2857142857142857,0,,1,1,1,1,0.20773046874999998,"The look like seborrheic keratoses,","What do you think they are. The look like seborrheic keratoses, that is a common harmless"
medasr,sample_23_yes_q01,sample_23,Were the skin changes judged to be benign?,53.3,56.2,2.9000000000000057,9,53.42454728370221,56.25352112676056,0.9397097894951991,0.75,0,,1,1,1,1,0.2811744049941479,My assessment is that these are benign skin changes.,I am describing what I see. My assessment is that these are benign skin changes. Benign all of them
medasr,sample_33_yes_q06,sample_33,"The visit is a follow-up on allergic rhinitis, correct?",13.94,17.42,3.480000000000002,8,14.20523138832998,17.585513078470825,0.8818425671424318,0.4,0,,1,1,1,1,0.34275862068965535,"this is your followup for allergic rhinitis. ye,","right room. You have this is your followup for allergic rhinitis. ye, I have been worrying about"
medasr,sample_33_yes_q02,sample_33,Is the patient free of symptoms at the moment?,27.02,31.5,4.48,15,27.336016096579478,31.52112676056338,0.9250981198537364,0.6666666666666666,0,,1,1,1,1,0.45440000000000025,"I do not have any symptoms right now. No symptoms at all at the moment,","been, it has helped. I do not have any symptoms right now. No symptoms at all at the moment, none and that is"
medasr,sample_33_yes_q04,sample_33,Did the antihistamine work well?,58.82,61.32,2.5,6,59.51307847082495,60.96177062374245,0.5794768611670008,0.0,0,,1,1,1,1,0.13409238074681623,histamine is having a good eff,histamine is having a good eff feel well because
medasr,sample_33_yes_q03,sample_33,Has the medication helped the patient?,55.34,58.28,2.9399999999999977,0,,,0.0,0.0,0,,11,0,0,0,0.15769263975825576,,Al histamine is having
medasr,sample_33_yes_q05,sample_33,Are the findings unremarkable?,44.86,52.62,7.759999999999998,19,44.8933601609658,52.861167002012074,0.9656891097375121,0.0,0,,9,0,0,0,0.4135449281578381,"The examination I have done is normal. Normal in all of it, yees, No abnormal was found on examination.","I understand. The examination I have done is normal. Normal in all of it, yees, No abnormal was found on examination. Al"
medasr,sample_33_yes_q01,sample_33,Should the patient carry on with the treatment as needed?,69.06,71.0,1.9399999999999977,5,69.7344064386318,70.90140845070422,0.6015474289033153,0.0,0,,13,0,0,0,0.0822258229575302,to continue it as need,to continue it as need
medasr,sample_37_yes_q05,sample_37,Is the skin intact?,28.5,30.0,1.5,4,29.0261569416499,30.19315895372233,0.57516339869281,1.0,0,,1,1,1,1,0.11721698113207546,the skin is intact.,"it. Of course, the skin is intact. There is no erythema,"
medasr,sample_37_yes_q03,sample_37,Was erythema migrans absent?,30.68,32.62,1.9399999999999977,5,30.837022132796783,32.80885311871227,0.837529772031302,0.6666666666666666,0,,1,1,1,1,0.1516006289308174,"There is no erythema, migrans.","the skin is intact. There is no erythema, migrans. So no expanding"
medasr,sample_37_yes_q04,sample_37,Are redness and swelling absent?,17.58,22.18,4.600000000000001,9,17.78672032193159,22.26559356136821,0.9376143322139865,0.6666666666666666,0,,1,1,1,1,0.38192449047778154,"No redness at all. any swelling, no swelling either.","Any redness around the site. No redness at all. any swelling, no swelling either. The area looks unchanged to"
medasr,sample_37_yes_q06,sample_37,"The plan involves no treatment, right?",60.02,61.34,1.3200000000000003,4,60.156941649899395,61.44466800804829,0.8304098522724122,0.3333333333333333,0,,1,1,1,1,0.0819435423432426,no treatment is need.,"observation, no treatment is need. So no antibiotics"
medasr,sample_37_yes_q01,sample_37,Did the patient get a tick bite?,13.74,14.52,0.7799999999999994,3,13.883299798792757,14.607645875251508,0.7338249617364679,0.6666666666666666,0,,1,1,1,1,0.07022826086956516,a tick bite.,looked at right a tick bite. Any redness around
medasr,sample_37_yes_q02,sample_37,Has the patient been told simply to keep an eye on the area?,56.02,59.34,3.3200000000000003,6,56.49496981891348,59.43259557344064,0.8336851290638317,0.0,0,,10,0,0,0,0.21808617499339145,"Then what is the plan, observation,","and no rash at site. Then what is the plan, observation, no treatment is need."
medasr,sample_39_yes_q02,sample_39,Does the patient have pain in the lower back?,22.64,23.92,1.2800000000000011,5,22.748490945674043,24.036217303822937,0.8390592575513058,1.0,0,,1,1,1,1,0.12080516521078628,"Pain in my lower back,","what brings you in today. Pain in my lower back, it feels muscular."
medasr,sample_39_yes_q04,sample_39,Was reduced mobility found during the examination?,47.34,53.04,5.699999999999996,14,47.50905432595573,53.183098591549296,0.9465775029097606,0.2,0,,1,1,1,1,0.4506681514476613,"Your movement is also reduced when you bend and turn, yes it feels stiff.","that would explain the tightness. Your movement is also reduced when you bend and turn, yes it feels stiff. Putting it together,"
medasr,sample_39_yes_q03,sample_39,Were painkillers part of the treatment plan?,63.56,65.8,2.239999999999995,6,63.61770623742455,65.8712273641851,0.9442142285057652,0.25,0,,1,1,1,1,0.1556532951090427,"For treatment, I recomend pain relief","Right that make For treatment, I recomend pain relief and an exercise program."
medasr,sample_39_yes_q01,sample_39,"The pain was assessed as nonspecific musculoskeletal pain, right?",55.32,60.68,5.359999999999999,12,55.327967806841045,60.800804828973845,0.9765047944903742,0.5,0,,1,1,1,1,0.36865762524218126,this is nonspecific muscle and joint pain in the back without radiation.,"Putting it together, this is nonspecific muscle and joint pain in the back without radiation. Right that make"
medasr,sample_42_yes_q02,sample_42,Was the blood pressure measured at 135/88?,39.16,42.54,3.3800000000000026,5,39.098591549295776,42.68008048289738,0.9437415730337098,0.5,1,0.0,1,1,1,1,0.2268241965973537,"You blood pressure is 135/8,","so what do you find You blood pressure is 135/8, 135/8."
medasr,sample_42_yes_q07,sample_42,Did the doctor assess the patient as slightly overweight?,62.26,65.16,2.8999999999999986,8,62.24949698189135,65.0261569416499,0.950405110195506,0.25,0,,1,1,1,1,0.22711944531988643,it puts you in the mildly overweight range.,"and what does that tell you, it puts you in the mildly overweight range. Mildly overweight,"
medasr,sample_42_yes_q06,sample_42,Were exercise recommendations also part of the plan?,89.86,93.12,3.260000000000005,9,89.90744466800805,93.17907444668008,0.9679069823833953,0.5,0,,1,1,1,1,0.26191723246039494,The [PLAN] Is advice on diet and on exercise.,something I should be doing. The [PLAN] Is advice on diet and on exercise. Diet and
medasr,sample_42_yes_q05,sample_42,Does the patient have a BMI of 28?,56.18,58.38,2.200000000000003,6,56.1327967806841,58.38631790744467,0.9762499999999995,0.5,1,1.0,1,1,1,1,0.1896288588276104,"You body mas index is 28,","anything else you You body mas index is 28, 28 and"
medasr,sample_42_yes_q03,sample_42,Has the patient been given advice about diet?,89.86,91.76,1.9000000000000057,6,89.90744466800805,91.64989939637827,0.9170814359843233,0.6666666666666666,0,,1,1,1,1,0.15265114775299116,The [PLAN] Is advice on diet,something I should be doing. The [PLAN] Is advice on diet and on exercise.
medasr,sample_42_yes_q01,sample_42,Is the patient feeling well?,17.22,18.48,1.2600000000000016,4,17.263581488933603,18.6317907444668,0.8616138870678086,0.5,0,,1,1,1,1,0.12816618911174799,I feel perfectly well.,"Yes that is right and I have to say I feel perfectly well. No complaints at all, which almost"
medasr,sample_42_yes_q04,sample_42,"The visit was a preventive health check, correct?",11.92,14.14,2.2200000000000006,7,12.032193158953723,14.325955734406438,0.8760788118016996,0.6,0,,1,1,1,1,0.23179411764705893,This is your preventive health check today.,It has its moments. This is your preventive health check today. Yes that is right
medasr,sample_43_yes_q02,sample_43,Does the patient have a sore throat?,4.82,6.24,1.42,6,4.949698189134809,6.358148893360161,0.838866650969312,1.0,0,,1,1,1,1,0.13748215227486144,"My throat has been really sore,","Thanks, My throat has been really sore, a sore throat."
medasr,sample_43_yes_q05,sample_43,Did the examination find no pus in the throat?,31.76,34.28,2.5199999999999996,11,31.80281690140845,34.418511066398395,0.9317934124485351,0.5,0,,1,1,1,1,0.2462524577270939,I also looked at your throat and there was no pus.,in this case yes. I also looked at your throat and there was no pus. No pus.
medasr,sample_43_yes_q04,sample_43,Was the strep test negative?,23.06,23.78,0.7200000000000024,3,23.11066398390342,23.79476861167002,0.9109480256311955,0.3333333333333333,0,,1,1,1,1,0.07362962962962986,it was negative,"and what did it say, it was negative that means that bacterium"
medasr,sample_43_yes_q01,sample_43,Is the infection considered to be viral?,44.22,46.78,2.5600000000000023,9,44.24949698189135,46.905432595573444,0.9423074041328868,0.6666666666666666,0,,1,1,1,1,0.26179423868312784,"my [ASESMENT] Is that this is a viral infection,","what is making it hurt then, my [ASESMENT] Is that this is a viral infection, a virus,"
medasr,sample_43_yes_q03,sample_43,Has the doctor decided against antibiotics?,59.48,63.9,4.420000000000002,13,59.5533199195171,63.93963782696177,0.974671094187074,0.5,0,,1,1,1,1,0.3922750000000002,The plan is no antibiotics because they do not work against the virus.,"antibiotics for it, no. The plan is no antibiotics because they do not work against the virus. Alright,"
medasr,sample_47_yes_q03,sample_47,Has penicillin treatment been started?,71.86,79.4,7.540000000000006,14,71.98792756539235,79.5251509054326,0.9669832369972549,0.6666666666666666,0,,1,1,1,1,0.5273543484379405,"I am starting you on penicillin treatment. Penicillin starting from today, yes from today.","happens about treating it, I am starting you on penicillin treatment. Penicillin starting from today, yes from today. That is reasuring."
medasr,sample_47_yes_q01,sample_47,Were coatings seen on the tonsils?,25.72,28.66,2.9400000000000013,10,25.927565392354126,28.583501006036215,0.9033794604360845,0.3333333333333333,0,,3,0,1,1,0.2519275862068967,your tonsils are red and there is coating on them,Yes please do your tonsils are red and there is coating on them coating
medasr,sample_47_yes_q02,sample_47,Does the patient have a sore throat?,8.32,11.7,3.379999999999999,12,8.450704225352112,11.87122736418511,0.9149782431329891,1.0,0,,1,1,1,1,0.3230499999999999,"My throat, it is really sore and it hurts when I swallow.","what is troubling you. My throat, it is really sore and it hurts when I swallow. A sore throat"
medasr,sample_48_yes_q03,sample_48,Was the TSH normal?,28.34,35.82,7.48,18,28.38229376257545,35.70623742454728,0.9791368532047903,0.5,0,,1,1,1,1,0.5803246955978769,"the first was your thyroid-stimulating hormone, the thyroid. I had wondered about that one. It came back normal","We tested two things, the first was your thyroid-stimulating hormone, the thyroid. I had wondered about that one. It came back normal normal and the"
medasr,sample_48_yes_q06,sample_48,Did the glucose test come back normal too?,38.96,43.04,4.079999999999998,12,38.93762575452716,43.12273641851107,0.9748846153846144,0.3333333333333333,0,,1,1,1,1,0.3630075187969923,"your glucose which is your blood sugar, that was normal as well,","and the other one, your glucose which is your blood sugar, that was normal as well, both normal,"
medasr,sample_48_yes_q05,sample_48,Were both blood tests within normal limits?,41.74,44.36,2.6199999999999974,7,41.754527162977865,44.45070422535211,0.9611793174091847,0.2,0,,1,1,1,1,0.23310776942355863,"that was normal as well, both normal,","which is your blood sugar, that was normal as well, both normal, so nothing was found at all."
medasr,sample_48_yes_q04,sample_48,Has the patient been left without any specific treatment?,77.42,81.2,3.780000000000001,11,77.4728370221328,81.25553319919517,0.9717457219896574,0.5,0,,1,1,1,1,0.37724096385542144,"no specific treatment is need on the basis of these results,","so what is the plan then, no specific treatment is need on the basis of these results, nothing at all"
medasr,sample_48_yes_q02,sample_48,Is the patient's tiredness persistent?,11.18,18.78,7.600000000000001,19,11.146881287726359,19.03420523138833,0.9635714285714287,0.6666666666666666,0,,1,1,1,1,0.6528171448323541,"You came about tiredness, yes. It has been going on and on. It simply does not lift. Persistent fatigue,","and it will make more sense. You came about tiredness, yes. It has been going on and on. It simply does not lift. Persistent fatigue, that is what we were investigating,"
medasr,sample_48_yes_q07,sample_48,Does the doctor rule out an endocrine cause?,48.06,52.34,4.280000000000001,12,48.11267605633803,52.418511066398395,0.9699009315938653,0.25,0,,1,1,1,1,0.3623271953260985,my assessment is that there is no hormonal cause for the tiredness.,"all. Correct, my assessment is that there is no hormonal cause for the tiredness. No hormonal cause."
medasr,sample_48_yes_q01,sample_48,"The thyroid test gave a normal result, right?",28.34,35.82,7.48,18,28.38229376257545,35.70623742454728,0.9791368532047903,0.4,0,,1,1,1,1,0.5803246955978769,"the first was your thyroid-stimulating hormone, the thyroid. I had wondered about that one. It came back normal","We tested two things, the first was your thyroid-stimulating hormone, the thyroid. I had wondered about that one. It came back normal normal and the"
medasr,sample_50_yes_q04,sample_50,Are further tests needed before the diagnosis can be settled?,60.36,69.66,9.299999999999997,23,60.398390342052316,70.90140845070422,0.8785931881169972,0.4,0,,1,1,1,1,0.7220805349652276,Further tests have been arranged to setle itertain that is why they are being done. Nothing changes for you until we have them.kay,it is a suspicion. Further tests have been arranged to setle itertain that is why they are being done. Nothing changes for you until we have them.kay I understand
medasr,sample_50_yes_q01,sample_50,"The HbA1c came out at 47 mmol/mol, right?",39.68,43.4,3.719999999999999,7,39.70221327967807,43.48490945674044,0.9718461798798546,0.25,2,0.5,1,1,1,1,0.2684925936683125,your long-term sugar value was 47 mol/m.,"7.0 mol/L, your long-term sugar value was 47 mol/m. I that high,"
medasr,sample_50_yes_q03,sample_50,Was the patient's BMI recorded as 29?,23.86,25.96,2.1000000000000014,6,23.875251509054326,26.12877263581489,0.9188882385285299,0.25,1,1.0,1,1,1,1,0.16106481481481486,your body mas index is 29.,"no symptoms then, your body mas index is 29. What is that number mean,"
medasr,sample_50_yes_q05,sample_50,Is the patient free of any symptoms at this visit?,20.38,22.78,2.400000000000002,5,20.494969818913482,22.869215291750503,0.9179720969332488,0.3333333333333333,0,,1,1,1,1,0.0797006548175866,"feel completely normal, no symptoms","nothing at all, I feel completely normal, no symptoms then, your body mas index"
medasr,sample_50_yes_q02,sample_50,Does the patient have a fasting blood sugar of 7.0 mmol/L?,35.38,39.0,3.6199999999999974,7,35.42454728370221,39.098591549295776,0.9615072451221238,0.8,1,1.0,1,1,1,1,0.25679988581216084,"your fasting blood sugar was 7.0 mol/L,","Alright, your fasting blood sugar was 7.0 mol/L, your long-term sugar value"
medasr,sample_52_yes_q02,sample_52,Did the doctor plan continued follow-up?,83.42,86.4,2.980000000000004,7,83.42857142857143,86.44668008048289,0.98174517703057,0.5,0,,1,1,1,1,0.2043969086392496,The plan is continued support and followup.,what happens next. The plan is continued support and followup. Why continued support
medasr,sample_52_yes_q03,sample_52,Was the patient seen as engaged during the consultation?,59.06,62.7,3.6400000000000006,9,59.15090543259557,62.81287726358149,0.945699610761429,0.25,0,,1,1,1,1,0.29823277283217947,"From what you describe, you seem engaged and motivated.","To a degree, yes. From what you describe, you seem engaged and motivated. That is an impression"
medasr,sample_52_yes_q01,sample_52,"The patient understands the treatment well, right?",70.22,75.36,5.140000000000001,14,70.33802816901408,75.420523138833,0.9656666640873453,0.3333333333333333,0,,6,0,0,0,0.36567134268537094,My assessment is that you have a good of your illness and your treatment.,"impression, yes. My assessment is that you have a good of your illness and your treatment. Alright I"
medasr,sample_54_yes_q04,sample_54,Was the foot examination normal?,51.62,54.6,2.980000000000004,8,51.57344064386318,54.752515090543255,0.9373797468354456,0.6666666666666666,0,,1,1,1,1,0.2689901925172543,Your feet are normal. The examination is fine.,moment.That you all. thank you. Your feet are normal. The examination is fine. Nothing wrong there either.
medasr,sample_54_yes_q03,sample_54,Has the patient received a flu vaccination?,13.82,15.76,1.9399999999999995,7,13.92354124748491,15.975855130784709,0.8518470124876337,0.3333333333333333,0,,1,1,1,1,0.212374449339207,"Well I have had my flu vacination,","What would you like to start with. Well I have had my flu vacination, good. Thank you for telling"
medasr,sample_54_yes_q02,sample_54,Did the plan include continued monitoring?,80.38,82.2,1.8200000000000074,5,80.41046277665995,82.22132796780684,0.9718731560198446,0.75,0,,1,1,1,1,0.1706679245283027,The plan is continued monitoring,today. God. The plan is continued monitoring with your annual check as usual.
medasr,sample_54_yes_q01,sample_54,Does the doctor regard the diabetes as stable?,68.74,70.98,2.240000000000009,5,68.80885311871228,71.1830985915493,0.8886857406400795,0.5,0,,1,1,1,1,0.21327203065134193,"Overall, your diabetes looks stable.","they are fine. Thank you. Overall, your diabetes looks stable. There is nothing here that needs"
medasr,sample_55_yes_q02,sample_55,Does the plan include routine follow-up?,79.42,80.84,1.4200000000000017,4,79.36418511066398,80.9738430583501,0.8821750000000012,0.25,0,,1,1,1,1,0.11051362355151913,Routine followup is usual.,"new medicine, no. Routine followup is usual. Routine, yes."
medasr,sample_55_yes_q03,sample_55,Will the current treatment be continued?,71.12,74.22,3.0999999999999943,8,71.1830985915493,73.85110663983903,0.8606477575128194,0.6666666666666666,0,,1,1,1,1,0.23519640475210998,Continue your current treatment exactly as it is,so nothing changes. Continue your current treatment exactly as it is and I do not need anything
medasr,sample_55_yes_q01,sample_55,Did the HbA1c come out at 43 mmol/mol?,32.56,36.72,4.159999999999997,7,32.76861167002012,36.83299798792757,0.9247344232652746,0.25,2,0.5,1,1,1,1,0.33749918380672517,your long-term sugar value is 43 mol/m.,week. They were your long-term sugar value is 43 mol/m. Is that a good number.
medasr,sample_56_yes_q01,sample_56,Has the cause of the tiredness remained unexplained?,61.66,64.2,2.5400000000000063,7,61.72635814889336,64.18108651911469,0.9664284922131177,0.25,0,,1,1,1,1,0.23036131386861353,wee have not identified a specific cause.,"that is the honestst part, wee have not identified a specific cause. So you do not now"
medasr,sample_56_yes_q02,sample_56,Did the COVID-19 test come back negative?,48.84,50.82,1.9799999999999969,5,48.87726358148893,50.969818913480886,0.9121603748630182,0.4,1,0.0,1,1,1,1,0.1638461538461535,your coronavirus test was negative.,Normal w right and your coronavirus test was negative. Oh that is good
medasr,sample_56_yes_q04,sample_56,"The patient's thyroid function was checked, wasn't it?",44.92,46.5,1.5799999999999983,5,44.85311871227364,46.583501006036215,0.9130930232558138,0.2,0,,1,1,1,1,0.15200542005420042,Your thyroid tests are normal.,They came back reasuring. Your thyroid tests are normal. Normal w right
medasr,sample_56_yes_q03,sample_56,Will further measures be held off for the time being?,81.92,85.66,3.739999999999995,12,81.93963782696177,85.80281690140845,0.9581606002819003,0.2,0,,1,1,1,1,0.3762712550607282,"for the moment we observe, I am not starting anything further today.","So what happens next for the moment we observe, I am not starting anything further today. Nothing at all, Nothing"
medasr,sample_57_yes_q05,sample_57,Will the patient continue on the current medication?,117.6,122.54,4.940000000000012,14,116.2092555331992,122.72837022132796,0.7577716049382741,1.0,0,,1,1,1,1,0.34874715909090975,[PLAN]You continue your lifestyle exactly as you are and you continue your current medication.,"No the [PLAN]You continue your lifestyle exactly as you are and you continue your current medication. Same medication,"
medasr,sample_57_yes_q07,sample_57,Is the diabetes considered stable?,97.54,100.0,2.4599999999999937,8,97.5251509054326,99.93963782696177,0.9696097560975591,0.6666666666666666,0,,1,1,1,1,0.23851346078813837,myy assessment is that your diabetes is stable,"reasoning behind it, myy assessment is that your diabetes is stable and that no changes are need."
medasr,sample_57_yes_q04,sample_57,Has the patient kept up the lifestyle changes?,59.74,62.1,2.3599999999999994,8,59.87525150905432,61.967806841046276,0.8866759881321837,0.5,0,,1,1,1,1,0.24850000000000003,I have kept it up. I really have,things you were working on. I have kept it up. I really have it is part of my routine
medasr,sample_57_yes_q03,sample_57,Was it concluded that no changes to treatment are needed?,117.6,122.54,4.940000000000012,14,116.2092555331992,122.72837022132796,0.7577716049382741,0.0,0,,25,0,0,0,0.34874715909090975,[PLAN]You continue your lifestyle exactly as you are and you continue your current medication.,"No the [PLAN]You continue your lifestyle exactly as you are and you continue your current medication. Same medication,"
medasr,sample_57_yes_q06,sample_57,Does the patient feel stable?,30.06,33.8,3.7399999999999984,4,30.23340040241449,32.647887323943664,0.645584738376785,0.0,0,,3,0,1,1,0.2125291561856848,how you been feelingHly,in order first how you been feelingHly
medasr,sample_57_yes_q01,sample_57,Should the patient carry on with the same lifestyle?,117.6,120.1,2.5,8,116.2092555331992,119.99195171026157,0.6147799555256801,0.3333333333333333,0,,1,1,1,1,0.20708333333333334,[PLAN]You continue your lifestyle exactly as you are,No the [PLAN]You continue your lifestyle exactly as you are and you continue your current medication.
medasr,sample_57_yes_q02,sample_57,"The patient stays on the medicine already in use, correct?",120.9,122.54,1.6400000000000006,4,120.99798792756539,122.72837022132796,0.8433806536810919,0.0,0,,28,0,0,0,0.11802490587894571,continue your current medication.,"lifestyle exactly as you are and you continue your current medication. Same medication,"
medasr,sample_63_yes_q01,sample_63,Was the diabetes control judged to be good?,57.2,61.92,4.719999999999999,8,57.29979879275654,62.08853118712274,0.9451103062232465,0.75,0,,1,1,1,1,0.29596770123643706,myASsEessment is good diabetes control with no complications.,fine. It is myASsEessment is good diabetes control with no complications. God.
medasr,sample_63_yes_q02,sample_63,"The lipid profile came back normal, didn't it?",0.0,0.26,0.26,1,0.08048289738430583,0.36217303822937624,0.4956666666666667,0.0,0,,4,0,0,1,0.012255494505494506,God,God morning and come in and sit
medasr,sample_63_yes_q03,sample_63,Was the HbA1c measured at 41 mmol/mol?,36.72,41.92,5.200000000000003,6,36.95372233400403,41.99597585513079,0.9413003020410645,0.25,2,0.5,1,1,1,1,0.3764054762598311,your hemoglobin A1c is 41 mol/mle.,they are your hemoglobin A1c is 41 mol/mle. I think that is a low number
medasr,sample_63_yes_q05,sample_63,Are annual check-ups planned to continue?,64.76,70.16,5.3999999999999915,17,64.74446680080483,70.17706237424548,0.9939999999999972,0.25,0,,1,1,1,1,0.42433750991886166,So the plan is to continue your current treatment and see you again for the yearly check.,God. So the plan is to continue your current treatment and see you again for the yearly check. The same as before then
medasr,sample_63_yes_q04,sample_63,Did the patient report no new symptoms?,24.46,27.46,3.0,11,24.63983903420523,27.61770623742455,0.8931042832201253,0.6666666666666666,0,,1,1,1,1,0.28238636363636366,"No, I am not sure there is anything. No new symptoms.","since we last met? No, I am not sure there is anything. No new symptoms. That is useful to"
medasr,sample_64_yes_q04,sample_64,Is dry skin the reason for this consultation?,39.42,41.64,2.219999999999999,8,39.66197183098591,41.59356136820926,0.8700853771276336,0.5,0,,3,0,1,1,0.2717586206896551,The skin on them has become very dry,it is my feet. The skin on them has become very dry and it has bothered me enough
medasr,sample_64_yes_q01,sample_64,Was the condition assessed as xerosis?,72.26,73.98,1.7199999999999989,4,72.43058350100604,74.09255533199195,0.8454950701596482,0.6666666666666666,0,,1,1,1,1,0.18479031560743633,The condition called xerosis.,hear you say it out loud. The condition called xerosis. It simply means dry
medasr,sample_64_yes_q03,sample_64,"A moisturizing cream was prescribed, wasn't it?",88.04,91.22,3.1799999999999926,8,88.579476861167,91.12676056338029,0.8010326107588988,0.5,0,,1,1,1,1,0.26402606080855245,I will prescribe a moisturizing cream for you.,"it usually does, I will prescribe a moisturizing cream for you. That is straightforward"
medasr,sample_64_yes_q02,sample_64,Did the examination rule out any wounds?,0.0,0.16,0.16,1,0.0,0.28169014084507044,0.568,0.0,0,,1,1,1,1,0.01603225806451613,God,"God afternoon, I am Dellig."
medasr,sample_66_yes_q03,sample_66,Was the vaccination given as part of diabetes care?,31.34,35.18,3.84,13,31.36016096579477,36.269617706237426,0.7748753071403495,0.4,0,,3,0,1,1,0.3987630589218555,I am here for the influenza vacination as part of my diabetes care.That,"what brings you in today, I am here for the influenza vacination as part of my diabetes care.That is right,"
medasr,sample_66_yes_q04,sample_66,"The diabetes status was described as stable, wasn't it?",113.08,114.86,1.7800000000000011,4,113.19114688128772,114.96177062374245,0.8868525726016874,0.6,0,,1,1,1,1,0.15911151079136693,"diabetes status is stable,","itself, how would you describe it, your diabetes status is stable, stable,"
medasr,sample_66_yes_q02,sample_66,Is the patient free of any reaction after the injection?,93.14,96.36,3.219999999999999,9,93.09859154929578,96.31790744466801,0.9743972558793778,0.0,0,,1,1,1,1,0.28076140350877166,perfectly fine. Thank you. Nothing out of the ordinary,"how are you feeling, perfectly fine. Thank you. Nothing out of the ordinary and I can see no"
medasr,sample_66_yes_q01,sample_66,Will the treatment continue without changes?,116.96,122.94,5.980000000000004,20,117.13480885311871,123.1307847082495,0.9407541214524199,0.25,0,,1,1,1,1,0.5037389830508475,"so I take it there is nothing that needs adjusting. Nothing at all, there are no changes to make today.","stable, stable, so I take it there is nothing that needs adjusting. Nothing at all, there are no changes to make today. and looking ahead,"
medasr,sample_67_yes_q02,sample_67,"The doctor described the diabetes as stable, right?",70.32,72.42,2.1000000000000085,6,70.37826961770624,72.43058350100604,0.9673772117144556,0.5,0,,1,1,1,1,0.15563674321503188,"taken together, your diabetes is stable","day.unintelligibleh use it taken together, your diabetes is stable with good self-care on your part."
medasr,sample_67_yes_q05,sample_67,Will the treatment be continued unchanged?,89.12,90.98,1.8599999999999994,5,89.2635814889336,91.07444668008048,0.8782119914346957,0.6666666666666666,0,,1,1,1,1,0.14340986658392804,"We continue your treatment, unchanged","nothing changes. We continue your treatment, unchanged and keep to the regular checkups."
medasr,sample_67_yes_q04,sample_67,Is the patient's self-care considered good?,72.78,74.44,1.6599999999999966,6,72.91348088531187,74.45472837022133,0.9115025109931016,0.5,0,,1,1,1,1,0.14984017435524843,with good self-care on your part.,"together, your diabetes is stable with good self-care on your part. You are confident about"
medasr,sample_67_yes_q01,sample_67,Does the patient say they are doing well?,21.8,24.62,2.8200000000000003,2,24.036217303822937,24.277665995975855,0.0856201036003256,0.0,0,,3,0,1,1,0.20490350877192984,I feel,your I feel I have kept the diet and
medasr,sample_67_yes_q06,sample_67,Is the patient sticking to the diet and lifestyle advice?,25.36,27.72,2.3599999999999994,11,25.525150905432596,27.738430583501007,0.9228140227395764,0.5,0,,1,1,1,1,0.17147953216374265,I have kept the diet and the lifestyle side of things,I feel I have kept the diet and the lifestyle side of things that is not nothing.
medasr,sample_67_yes_q07,sample_67,Has the weight remained stable?,39.48,40.44,0.9600000000000009,4,39.38028169014085,40.54728370221328,0.8226206896551762,0.6666666666666666,0,,1,1,1,1,0.08958317686819382,You weight is stable.,and we can see it today. You weight is stable. Stable compared with
medasr,sample_67_yes_q03,sample_67,Was the HbA1c 43 mmol/mol?,51.68,55.5,3.8200000000000003,5,51.85513078470825,54.47082494969819,0.6847366924057433,0.3333333333333333,2,0.5,1,1,1,1,0.24384022604675057,your hemoglobin A1c is 43,"and the blood test, your hemoglobin A1c is 43 and"
medasr,sample_69_yes_q02,sample_69,Does the patient feel well?,30.92,33.08,2.1599999999999966,5,31.038229376257547,33.17102615694165,0.9070399370731871,1.0,0,,1,1,1,1,0.21132283464566892,"well actually I feel fine,","you been feeling in yourself, well actually I feel fine, that is partly why the nerve"
medasr,sample_69_yes_q01,sample_69,Was the blood pressure normal?,42.5,43.68,1.1799999999999997,5,42.559356136820924,43.5251509054326,0.8184701428912483,1.0,0,,1,1,1,1,0.1263922413793103,your blood pressure is normal,"So what did you find toda, your blood pressure is normal and your fot status is normal,"
medasr,sample_69_yes_q03,sample_69,Is the foot status normal?,44.22,45.46,1.240000000000002,5,44.2897384305835,45.57746478873239,0.8620934989476218,0.6666666666666666,0,,1,1,1,1,0.1328189655172416,"your fot status is normal,","your blood pressure is normal and your fot status is normal, both normal and"
medasr,sample_69_yes_q04,sample_69,Will the regular check-ups be continued?,68.26,69.96,1.6999999999999886,7,68.28571428571429,70.01609657947687,0.9534132312839365,0.0,0,,15,0,0,0,0.20810344827586072,The plan is to continue your checkups,relief to hear it said plainly. The plan is to continue your checkups and carry on with your lifestyle as
medasr,sample_69_yes_q06,sample_69,"The diabetes was judged to be stable, right?",57.68,58.9,1.2199999999999989,3,57.82293762575453,58.82897384305835,0.824619850249036,0.6666666666666666,0,,1,1,1,1,0.10028779358253381,diabetes is stable,"Understandable.verall, your diabetes is stable with no signs of complications."
medasr,sample_69_yes_q05,sample_69,Are there no signs of complications?,59.28,60.52,1.240000000000002,4,59.352112676056336,60.72032193158954,0.8108515869468073,1.0,0,,1,1,1,1,0.10193185577241168,no signs of complications.,"Understandable.verall, your diabetes is stable with no signs of complications. No complications at all,"
medasr,sample_70_yes_q04,sample_70,"The vaccination went as planned, didn't it?",80.46000000000001,83.34,2.8799999999999955,11,80.8933601609658,83.50905432595573,0.8024257941902391,0.0,0,,17,0,0,0,0.2773953488372091,then I can say that there were no side effects today.,really good then I can say that there were no side effects today. That is a relief.
medasr,sample_70_yes_q06,sample_70,Was the vaccine actually given?,54.54,56.32,1.7800000000000011,4,55.04627766599597,56.374245472837025,0.6944121454114657,0.3333333333333333,0,,4,0,0,1,0.11881009938221866,is the vacination given.,Okay there is the vacination given. Exactly is planed for this season.unig
medasr,sample_70_yes_q01,sample_70,Were no further measures decided on?,116.98,118.92,1.9399999999999977,6,117.01408450704226,118.94567404426559,0.9695989518291858,0.3333333333333333,0,,1,1,1,1,0.17279211469534037,No extra measures from my side.,nothing further is need. No extra measures from my side. So I just go home
medasr,sample_70_yes_q05,sample_70,Is this vaccination something the patient receives annually?,19.48,25.54,6.059999999999999,15,19.408450704225352,25.6056338028169,0.9778636363636364,0.0,0,,3,0,1,1,0.49325581395348833,"You are here for your yearly influenza vacination? is that correct, yes. The annual one,","on to today. You are here for your yearly influenza vacination? is that correct, yes. The annual one, good. That"
medasr,sample_70_yes_q02,sample_70,Can the patient leave without any additional treatment?,116.98,124.66,7.679999999999993,18,117.01408450704226,124.78068410462777,0.9801596104143987,0.0,0,,26,0,0,0,0.6097380191693286,"No extra measures from my side. So I just go home exactly, nothing more follows from today's visit,","nothing further is need. No extra measures from my side. So I just go home exactly, nothing more follows from today's visit, could"
medasr,sample_70_yes_q03,sample_70,Is the patient free of side effects after the vaccine?,80.46000000000001,83.34,2.8799999999999955,11,80.8933601609658,83.50905432595573,0.8024257941902391,0.5,0,,1,1,1,1,0.2773953488372091,then I can say that there were no side effects today.,really good then I can say that there were no side effects today. That is a relief.
medasr,sample_71_yes_q03,sample_71,Did the creatinine come back normal?,78.86,80.46,1.5999999999999943,4,78.88128772635815,80.2897384305835,0.8802816901408437,0.25,0,,4,0,0,1,0.14891385767790208,your creatine is normal,"when always check for me, your creatine is normal well that is all three of"
medasr,sample_71_yes_q04,sample_71,Was the HbA1c 42 mmol/mol?,53.7,57.78,4.079999999999998,5,53.70623742454728,57.62173038229376,0.9596796465064905,0.3333333333333333,2,0.5,1,1,1,1,0.3880137772675083,Your hemoglobin is 42 mol/m,been curious about them all week. Your hemoglobin is 42 mol/m and that is a good one.
medasr,sample_71_yes_q05,sample_71,Are there no signs of complications?,89.46,91.64,2.180000000000007,6,89.82696177062374,91.77062374245473,0.7846531635869644,1.0,0,,1,1,1,1,0.19326792722083544,there are no signs of complications.,your diabetes is stable and there are no signs of complications. No complications.
medasr,sample_71_yes_q01,sample_71,Is the LDL cholesterol 2.2 mmol/L?,70.34,74.32,3.9799999999999898,6,70.33802816901408,74.09255533199195,0.9423862074541175,0.75,1,1.0,1,1,1,1,0.3418700311095737,Your LDL cholesterol is 2.2 mol/L,might have drifted since last time. Your LDL cholesterol is 2.2 mol/L right and the kidney
medasr,sample_71_yes_q02,sample_71,"The diabetes was described as stable, right?",85.68,88.92,3.239999999999995,9,85.88329979879276,88.90140845070422,0.9315150160220574,0.6666666666666666,0,,1,1,1,1,0.29930233079839297,so my assessment is that your diabetes is stable,I will take that gladly so my assessment is that your diabetes is stable and there are no signs of
medasr,sample_75_yes_q01,sample_75,Does the patient deny any known exposure to COVID-19?,45.06,46.48,1.4199999999999946,6,45.13480885311871,46.46277665995976,0.9351885963669365,0.0,1,0.0,1,1,1,1,0.1507991452991447,"no, none that I know of.","anyone around you who has had it? no, none that I know of. Thank you. I will look at your"
medasr,sample_75_yes_q02,sample_75,Is the patient also feeling tired?,31.08,31.94,0.860000000000003,4,31.158953722334005,31.963782696177063,0.8837537564884789,0.5,0,,1,1,1,1,0.09789738891433838,I have been tired,"on, a sore throat and I have been tired a few days now, a few"
medasr,sample_75_yes_q04,sample_75,Were rest and fluids recommended?,81.4,83.6,2.1999999999999886,8,81.5774647887324,83.75050301810865,0.8604690977572332,0.6666666666666666,0,,1,1,1,1,0.23769565217391148,The [PLAN] Is rest and plenty of fluids.,"so far, it is. The [PLAN] Is rest and plenty of fluids. No antibiotics are need"
medasr,sample_75_yes_q03,sample_75,Has the patient had a sore throat for a few days?,29.62,35.9,6.279999999999998,20,29.790744466800803,35.987927565392354,0.9593789298736756,1.0,0,,1,1,1,1,0.7148786074209799,"a sore throat and I have been tired a few days now, a few days of sore throat and tiredness.","soo what has been going on, a sore throat and I have been tired a few days now, a few days of sore throat and tiredness. Is there anything you would connected to?"
medasr,sample_77_yes_q02,sample_77,Did the patient receive a tetanus vaccination?,77.72,80.36,2.6400000000000006,9,77.79476861167002,80.49094567404427,0.9257602602457204,0.3333333333333333,0,,1,1,1,1,0.2852347826086957,I have also given you a tetanus vacination today.,That is the treatment for this. I have also given you a tetanus vacination today. Tetanus because of the thrn
medasr,sample_77_yes_q03,sample_77,Was the infection judged to follow a penetrating trauma?,49.56,52.96,3.3999999999999986,11,49.64185110663984,53.06237424547284,0.9473998667187534,0.2,0,,1,1,1,1,0.35954546643759744,The thrne broke the skin and the infection came after that.,following the penetrating injury. The thrne broke the skin and the infection came after that. An infection
medasr,sample_77_yes_q07,sample_77,Have about two weeks passed since the injury?,16.5,17.3,0.8000000000000007,4,16.458752515090545,17.344064386317907,0.9036363636363667,0.4,1,1.0,2,0,1,1,0.10091370558375645,about two weeks ago,toe. I pricked it on a thrn about two weeks ago and now I think it has become infected
medasr,sample_77_yes_q04,sample_77,Did the trouble start after the patient pricked themselves on a thorn?,15.14,19.3,4.16,18,15.251509054325956,19.24748490945674,0.9605711190218233,0.2,0,,1,1,1,1,0.5239533705017739,I pricked it on a thrn about two weeks ago and now I think it has become infected,you. It is my big toe. I pricked it on a thrn about two weeks ago and now I think it has become infected two weeks ago on
medasr,sample_77_yes_q06,sample_77,"The patient was treated with penicillin, correct?",67.84,69.56,1.7199999999999989,6,67.9235412474849,69.41247484909456,0.8656590707032908,0.3333333333333333,0,,1,1,1,1,0.1780916666666667,we are treating it with penicillin,yes please do we are treating it with penicillin penicillin and that
medasr,sample_77_yes_q05,sample_77,Is a foreign body ruled out?,32.7,34.9,2.1999999999999957,9,33.05030181086519,35.10261569416499,0.7698685202244367,0.6666666666666666,0,,1,1,1,1,0.2492932056543543,There is no foreign body left in the toe.,and that is what matters? There is no foreign body left in the toe. So no piece of the thrn
medasr,sample_77_yes_q01,sample_77,Does the patient have an infection in the big toe?,49.56,52.96,3.3999999999999986,11,49.64185110663984,53.06237424547284,0.9473998667187534,0.3333333333333333,0,,4,0,0,1,0.35954546643759744,The thrne broke the skin and the infection came after that.,following the penetrating injury. The thrne broke the skin and the infection came after that. An infection
medasr,sample_79_yes_q02,sample_79,Is chondromalacia patellae suspected on clinical grounds?,82.96,87.4,4.440000000000012,7,82.94567404426559,86.80885311871228,0.8640708284397869,0.4,0,,1,1,1,1,0.3749031600407757,I suspect a condition called chondromalacia patellae,"from what you describe, I suspect a condition called chondromalacia patellae that is softening or"
medasr,sample_79_yes_q05,sample_79,Do the pains come and go rather than being constant?,24.72,28.16,3.4400000000000013,14,24.88128772635815,28.301810865191147,0.915378392953442,0.0,0,,13,0,0,0,0.4213226671134193,I keep getting pain behind my right knee cap and it keeps coming back.,"today, it is my knee. I keep getting pain behind my right knee cap and it keeps coming back. It is not there all the"
medasr,sample_79_yes_q03,sample_79,Does the patient have pain behind the kneecap?,24.72,26.9,2.1799999999999997,9,24.88128772635815,26.9738430583501,0.8956756177688898,0.6666666666666666,0,,1,1,1,1,0.25739759591221284,I keep getting pain behind my right knee cap,"today, it is my knee. I keep getting pain behind my right knee cap and it keeps coming back."
medasr,sample_79_yes_q01,sample_79,Did the patient show up in person for the consultation?,0.0,2.8,2.8,7,0.12072434607645875,2.535211267605634,0.8623167576889912,0.0,0,,4,0,0,1,0.2695546558704453,L come in good to see you,L come in good to see you last time you were telling me
medasr,sample_79_yes_q04,sample_79,Was the suspicion reached without imaging?,80.88,87.4,6.52000000000001,11,81.53722334004024,86.80885311871228,0.808532174642949,0.0,0,,28,0,0,0,0.5505334692490663,"from what you describe, I suspect a condition called chondromalacia patellae","so what you think is going on in there from what you describe, I suspect a condition called chondromalacia patellae that is softening or"
medasr,sample_81_yes_q02,sample_81,Is a viral cause thought to be the most likely explanation?,63.88,68.32,4.439999999999991,11,63.899396378269614,68.32595573440643,0.9942977136547136,0.5,0,,1,1,1,1,0.3593941368078168,My assessMment is that this is most likely a viral gastroenteritis.,so what is your conclusion. My assessMment is that this is most likely a viral gastroenteritis. Most likely say you
medasr,sample_81_yes_q03,sample_81,Did the patient receive advice about fluid intake?,86.58,89.34,2.760000000000005,11,86.64788732394366,89.46478873239437,0.9332096474953613,0.5,0,,1,1,1,1,0.34815228426396,I want to give you instead is advis on fluid intake,that is right. What I want to give you instead is advis on fluid intake and on treating the symptoms.
medasr,sample_81_yes_q01,sample_81,Does the patient describe symptoms of gastroenteritis?,12.62,14.64,2.0200000000000014,5,12.756539235412475,14.768611670020121,0.8765943101155578,0.6666666666666666,0,,1,1,1,1,0.21920087336244556,or the usual gastroenteritis symptoms,looks like a stomach bug ho or the usual gastroenteritis symptoms tell me a little more about
medasr,sample_81_yes_q04,sample_81,Was gastroenteritis the diagnosis arrived at?,63.88,68.32,4.439999999999991,11,63.899396378269614,68.32595573440643,0.9942977136547136,0.3333333333333333,0,,2,0,1,1,0.3593941368078168,My assessMment is that this is most likely a viral gastroenteritis.,so what is your conclusion. My assessMment is that this is most likely a viral gastroenteritis. Most likely say you
medasr,sample_82_yes_q03,sample_82,"The lesions will be treated with freezing, right?",65.96,67.4,1.440000000000012,6,66.07243460764587,67.64185110663983,0.7893477532660225,0.3333333333333333,0,,1,1,1,1,0.12326558732345952,I will treat them with freezing.,"What happens next, I will treat them with freezing. What does that involved."
medasr,sample_82_yes_q01,sample_82,Do the elements resemble molluscs?,52.66,55.56,2.9000000000000057,5,52.78068410462777,55.52917505030181,0.9477554985082887,0.0,0,,8,0,0,0,0.2256968368305674,my suspicion is Mlluscum contagiosum.,"thorax, what Id my suspicion is Mlluscum contagiosum. It is a common viral skin"
medasr,sample_82_yes_q02,sample_82,Has the patient noticed a wart-like growth?,27.16,28.46,1.3000000000000007,7,27.25553319919517,28.462776659959758,0.9245382096744319,0.0,0,,1,1,1,1,0.14294247787610623,It looks a bit like a wart,growth in the midle of my chest. It looks a bit like a wart is there anything else
medasr,sample_82_yes_q04,sample_82,Were three small lesions seen in the same area of the thorax?,40.24,45.36,5.119999999999997,15,40.265593561368206,45.456740442655935,0.9765497238421436,0.7142857142857143,1,1.0,1,1,1,1,0.4950661478599219,"I can see three small lesions, all in the same area on the chest wall,","chest. Of course, I can see three small lesions, all in the same area on the chest wall, so three as I"
medasr,sample_84_yes_q02,sample_84,Was it the patient's grandfather who died of a heart attack?,20.3,23.42,3.120000000000001,11,20.293762575452718,23.472837022132797,0.981417721518988,0.8,0,,1,1,1,1,0.3060876431109358,My grandfather on my father's side died of a heart attack,is my family really. My grandfather on my father's side died of a heart attack and he was only 52.
medasr,sample_84_yes_q04,sample_84,Does the patient exercise regularly?,78.28,79.52,1.2399999999999949,3,78.47887323943662,79.64587525150905,0.762241470744206,0.5,0,,1,1,1,1,0.10505966587112131,I train regularly.,and exercise. I train regularly. That part I am actually
medasr,sample_84_yes_q06,sample_84,Will both blood tests and an ECG be carried out?,193.64,201.3,7.660000000000025,19,193.7625754527163,201.3400402414487,0.9788811890502013,0.25,0,,1,1,1,1,0.6402657248570496,"I will take blood samples and I will record an electrocardiogram, which is tracing of the heart's electrical activity.","two things, I will take blood samples and I will record an electrocardiogram, which is tracing of the heart's electrical activity. An electrocardiogram"
medasr,sample_84_yes_q05,sample_84,Was the blood pressure measured at 138 over 83?,119.92,122.96,3.039999999999992,6,119.95171026156942,123.25150905432595,0.902981108373194,0.16666666666666666,2,0.0,1,1,1,1,0.24112352377912513,"I have measured it at 138/83,","your blood pressure, I have measured it at 138/83, is that bad."
medasr,sample_84_yes_q01,sample_84,Does the patient report cardiovascular disease in the family?,27.86,31.68,3.8200000000000003,9,27.97987927565392,31.68209255533199,0.9680876825403516,0.75,0,,1,1,1,1,0.37372834645669284,"So there is cardiovascular disease in your family, yes","Thank you for telling me. So there is cardiovascular disease in your family, yes and ever since I"
medasr,sample_84_yes_q03,sample_84,Did that grandfather die at the age of 52?,20.3,25.38,5.079999999999998,16,20.293762575452718,25.645875251509054,0.9491578947368421,0.5,1,1.0,1,1,1,1,0.45854703959317095,My grandfather on my father's side died of a heart attack and he was only 52.,is my family really. My grandfather on my father's side died of a heart attack and he was only 52. Thank you for telling me.
medasr,sample_84_yes_q07,sample_84,Is the patient otherwise healthy and living a healthy life?,69.72,79.52,9.799999999999997,25,69.77464788732394,79.64587525150905,0.9818128745064018,0.25,0,,1,1,1,1,0.8191389169189368,"I am healthy as far as I know. No illnesses at all, I eat well and I look after myself and exercise. I train regularly.","me about your own health. I am healthy as far as I know. No illnesses at all, I eat well and I look after myself and exercise. I train regularly. That part I am actually"
medasr,sample_86_yes_q01,sample_86,Is the patient free of fever?,35.14,35.74,0.6000000000000014,2,35.34406438631791,35.9476861167002,0.4902097553684436,0.5,0,,1,1,1,1,0.06446173800259417,"no fever,","had any fever with it? no fever, nothing like at all."
medasr,sample_86_yes_q03,sample_86,"Both testicles felt normal at the examination, correct?",66.5,69.94,3.4399999999999977,10,66.59557344064386,69.97585513078471,0.9621881331403762,0.4,0,,1,1,1,1,0.26038379530916816,"The testicles themselves feel normal to me on both sides,","what you describe yes. The testicles themselves feel normal to me on both sides, normal on"
medasr,sample_86_yes_q02,sample_86,Was a small swelling found around the epididymis?,50.66,54.7,4.040000000000006,12,51.2112676056338,54.672032193158955,0.8566248979022647,0.6,0,,1,1,1,1,0.3947856861974052,I can feel a small swelling around the epidymis on the right,"Yes of course, go ahead, I can feel a small swelling around the epidymis on the right and there is slight tenderness"
medasr,sample_90_yes_q04,sample_90,Does the doctor consider the change harmless?,27.84,28.98,1.1400000000000006,4,27.818913480885314,28.945674044265594,0.9522753266558092,0.5,0,,1,1,1,1,0.11706198347107442,the change looks harmless,"honest. From the picture, the change looks harmless harmless,"
medasr,sample_90_yes_q03,sample_90,Did the patient notice a new mole?,14.46,16.42,1.9600000000000009,9,14.808853118712273,16.498993963782695,0.7901675580729854,0.6666666666666666,0,,1,1,1,1,0.22414173953060298,I have got a new mole on my thigh,rightName] I did. I have got a new mole on my thigh and it is quite large.
medasr,sample_90_yes_q01,sample_90,Was a photo sent in for assessment?,10.46,12.1,1.6399999999999988,7,10.382293762575452,11.991951710261569,0.8918589668501807,0.0,0,,2,0,1,1,0.2027562189054725,You send a photograph through to us,back to me. Not at all. You send a photograph through to us as that rightName] I did.
medasr,sample_90_yes_q05,sample_90,Has the doctor reviewed the photograph?,20.08,21.92,1.8400000000000034,7,20.092555331991953,21.86317907444668,0.9622955122036545,0.3333333333333333,0,,1,1,1,1,0.1976826632079554,I have looked at the photograph carefully,Thank you for sending it. I have looked at the photograph carefully and
medasr,sample_90_yes_q02,sample_90,Is the mole located on the thigh?,14.46,16.42,1.9600000000000009,9,14.808853118712273,16.498993963782695,0.7901675580729854,0.6666666666666666,0,,1,1,1,1,0.22414173953060298,I have got a new mole on my thigh,rightName] I did. I have got a new mole on my thigh and it is quite large.
medasr,sample_92_yes_q03,sample_92,Has a urine sample been sent off for albumin/creatinine ratio analysis?,108.62,110.98,2.3599999999999994,8,108.67203219315896,111.14030368763558,0.9157498829064804,0.42857142857142855,0,,1,1,1,1,0.24498726684132807,I am sending a urine sample for analysis.,"I want it looked at properly. I am sending a urine sample for analysis. What we are looking for,"
medasr,sample_92_yes_q02,sample_92,Does the patient work as a staff manager in a retail chain?,74.38,78.22,3.8400000000000034,12,74.41448692152917,78.19718309859155,0.9850771294433264,1.0,0,,1,1,1,1,0.4273354231974926,"work is still the staff manager role in the retail chain, yes","that is a good deal and work is still the staff manager role in the retail chain, yes still that. Let me take"
medasr,sample_92_yes_q01,sample_92,Did the patient ask to have his cholesterol level checked?,23.24,26.38,3.1400000000000006,10,23.311871227364186,26.329979879275655,0.9611810993348624,0.75,0,,1,1,1,1,0.3237717842323652,"my cholesterol I think, I would like the level checked","did you want us to look at my cholesterol I think, I would like the level checked of course. do"
medasr,sample_92_yes_q04,sample_92,Was the previous LDL value 3.9?,30.92,33.0,2.0799999999999983,4,30.99798792756539,33.13078470824949,0.9055662747096761,0.5,1,1.0,1,1,1,1,0.17521355932203372,"my LDL was 3.9,","remember what it was last time? my LDL was 3.9, that was back in 2021"
medasr,sample_95_yes_q02,sample_95,Were blood tests taken at this visit?,38.92,40.52,1.6000000000000014,7,38.89738430583501,40.54728370221328,0.9697560975609782,0.5,0,,2,0,1,1,0.1939512195121953,We have taken your blood test today,"tooWhat does not mean for today? We have taken your blood test today as part of the followup,"
medasr,sample_95_yes_q03,sample_95,Has the patient been free of side effects?,25.52,27.76,2.240000000000002,6,25.565392354124747,27.899396378269618,0.9223379786226504,0.6666666666666666,0,,1,1,1,1,0.21914960629921282,"any side effects at all, none,","fine, good and any side effects at all, none, No I have noticed.That"
medasr,sample_95_yes_q01,sample_95,"The treatment is considered well tolerated, right?",32.22,34.26,2.039999999999999,8,32.245472837022135,34.29778672032193,0.9695543547731084,0.75,0,,1,1,1,1,0.21096129837702865,"we can say the treatment is well tolerated,","is what I hoped to hear. so we can say the treatment is well tolerated, that was my impression tooWhat"
